,IP Address,Port,Code,Country,Anonymity,Google,Https,Last Checked
0,159.224.182.206,33679.0,UA,Ukraine,elite proxy,no,no,1 minute ago
1,104.45.188.43,3128.0,US,United States,anonymous,no,yes,1 minute ago
2,186.42.175.138,35150.0,EC,Ecuador,elite proxy,no,yes,1 minute ago
3,82.99.232.18,51059.0,IR,Iran,elite proxy,no,yes,1 minute ago
4,51.158.111.242,8811.0,FR,France,anonymous,no,no,1 minute ago
5,187.191.20.7,54375.0,MX,Mexico,transparent,no,no,1 minute ago
6,190.152.223.2,37994.0,EC,Ecuador,elite proxy,no,no,1 minute ago
7,24.172.34.114,42807.0,US,United States,elite proxy,no,yes,1 minute ago
8,3.124.80.57,80.0,DE,Germany,elite proxy,no,no,1 minute ago
9,91.205.51.27,49805.0,KG,Kyrgyzstan,elite proxy,no,no,1 minute ago
10,177.128.124.200,41833.0,BR,Brazil,transparent,no,no,1 minute ago
11,136.25.2.43,40614.0,US,United States,elite proxy,no,yes,1 minute ago
12,94.230.148.185,42721.0,CZ,Czech Republic,elite proxy,no,yes,1 minute ago
13,43.248.24.158,51166.0,ID,Indonesia,elite proxy,no,no,1 minute ago
14,119.81.199.81,8123.0,SG,Singapore,elite proxy,no,no,1 minute ago
15,187.105.218.7,34752.0,BR,Brazil,elite proxy,no,yes,1 minute ago
16,103.224.187.59,57652.0,IN,India,elite proxy,no,no,1 minute ago
17,140.227.237.154,1000.0,JP,Japan,elite proxy,no,no,1 minute ago
18,50.226.151.18,80.0,US,United States,anonymous,no,no,1 minute ago
19,203.202.254.206,32938.0,BD,Bangladesh,elite proxy,no,no,2 minutes ago
20,154.117.155.42,30096.0,ZA,South Africa,elite proxy,no,no,2 minutes ago
21,189.127.106.16,53897.0,BR,Brazil,elite proxy,no,no,2 minutes ago
22,117.196.238.243,37169.0,IN,India,elite proxy,no,no,2 minutes ago
23,50.226.151.10,80.0,US,United States,anonymous,no,no,2 minutes ago
24,91.203.114.74,48058.0,UA,Ukraine,elite proxy,no,no,2 minutes ago
25,90.183.101.238,35542.0,CZ,Czech Republic,elite proxy,no,no,2 minutes ago
26,202.138.236.35,53298.0,ID,Indonesia,elite proxy,no,yes,2 minutes ago
27,202.150.145.162,56548.0,ID,Indonesia,elite proxy,no,no,2 minutes ago
28,85.238.167.170,38358.0,AT,Austria,elite proxy,no,no,2 minutes ago
29,178.128.24.20,8080.0,SG,Singapore,elite proxy,no,yes,3 minutes ago
30,89.111.33.164,3128.0,LV,Latvia,elite proxy,no,no,3 minutes ago
31,174.128.6.13,3128.0,US,United States,anonymous,no,yes,3 minutes ago
32,94.228.85.129,38510.0,SK,Slovakia,elite proxy,no,no,3 minutes ago
33,78.60.203.75,60401.0,LT,Lithuania,elite proxy,no,no,3 minutes ago
34,200.52.141.162,53281.0,MX,Mexico,elite proxy,no,yes,3 minutes ago
35,204.48.19.184,8080.0,US,United States,anonymous,no,no,3 minutes ago
36,89.250.19.173,8080.0,RU,Russian Federation,transparent,no,no,3 minutes ago
37,62.171.161.146,8080.0,DE,Germany,elite proxy,no,yes,3 minutes ago
38,83.174.156.40,3128.0,GR,Greece,anonymous,no,yes,3 minutes ago
39,181.117.176.236,61358.0,AR,Argentina,elite proxy,no,no,3 minutes ago
40,3.81.113.58,3128.0,US,United States,elite proxy,no,yes,3 minutes ago
41,191.235.96.156,3128.0,BR,Brazil,anonymous,no,no,3 minutes ago
42,176.113.157.149,31195.0,UA,Ukraine,anonymous,no,yes,3 minutes ago
43,109.75.47.248,53422.0,AM,Armenia,elite proxy,no,yes,3 minutes ago
44,128.199.241.229,44344.0,SG,Singapore,elite proxy,no,yes,3 minutes ago
45,92.55.59.38,59414.0,RU,Russian Federation,elite proxy,no,yes,3 minutes ago
46,1.20.101.24,60480.0,TH,Thailand,elite proxy,no,yes,3 minutes ago
47,212.142.116.146,38523.0,LV,Latvia,elite proxy,no,yes,3 minutes ago
48,94.230.156.143,55167.0,CZ,Czech Republic,elite proxy,no,yes,3 minutes ago
49,128.199.252.41,44344.0,SG,Singapore,elite proxy,no,yes,3 minutes ago
50,92.112.123.207,46189.0,UA,Ukraine,anonymous,no,yes,3 minutes ago
51,202.131.234.142,38616.0,MN,Mongolia,elite proxy,no,yes,3 minutes ago
52,186.219.96.47,34758.0,BR,Brazil,elite proxy,no,yes,3 minutes ago
53,88.99.10.255,1080.0,DE,Germany,elite proxy,no,yes,4 minutes ago
54,144.76.214.154,1080.0,DE,Germany,elite proxy,no,yes,4 minutes ago
55,103.87.170.73,38067.0,IN,India,elite proxy,no,yes,4 minutes ago
56,139.59.62.255,3128.0,IN,India,anonymous,no,no,4 minutes ago
57,78.140.7.239,49404.0,RU,Russian Federation,elite proxy,no,yes,4 minutes ago
58,88.99.10.249,1080.0,DE,Germany,elite proxy,no,yes,4 minutes ago
59,188.226.141.61,3128.0,NL,Netherlands,anonymous,no,no,4 minutes ago
60,138.197.204.55,8080.0,US,United States,anonymous,no,no,4 minutes ago
61,66.97.42.99,3128.0,AR,Argentina,anonymous,no,no,4 minutes ago
62,138.197.157.32,8080.0,CA,Canada,anonymous,no,no,4 minutes ago
63,88.99.10.251,1080.0,DE,Germany,elite proxy,no,yes,4 minutes ago
64,41.169.78.42,54372.0,ZA,South Africa,elite proxy,no,yes,4 minutes ago
65,31.192.134.158,53281.0,RU,Russian Federation,elite proxy,no,yes,4 minutes ago
66,202.51.110.158,32247.0,ID,Indonesia,elite proxy,no,no,4 minutes ago
67,181.129.127.234,57985.0,CO,Colombia,elite proxy,no,no,4 minutes ago
68,67.205.132.39,3128.0,US,United States,anonymous,no,no,4 minutes ago
69,197.210.217.66,31512.0,NG,Nigeria,elite proxy,no,yes,4 minutes ago
70,88.99.10.254,1080.0,DE,Germany,elite proxy,no,yes,4 minutes ago
71,144.76.214.155,1080.0,DE,Germany,elite proxy,no,yes,4 minutes ago
72,173.192.128.238,25.0,US,United States,elite proxy,no,no,4 minutes ago
73,162.243.108.129,3128.0,US,United States,anonymous,no,no,4 minutes ago
74,80.187.140.26,8080.0,DE,Germany,anonymous,no,no,4 minutes ago
75,1.10.189.107,51618.0,TH,Thailand,elite proxy,no,yes,4 minutes ago
76,117.196.232.10,31513.0,IN,India,elite proxy,no,yes,4 minutes ago
77,88.99.10.250,1080.0,DE,Germany,elite proxy,no,yes,4 minutes ago
78,163.172.180.18,8811.0,FR,France,anonymous,no,yes,4 minutes ago
79,159.8.114.34,8123.0,FR,France,elite proxy,no,no,4 minutes ago
80,101.51.106.70,47390.0,TH,Thailand,elite proxy,no,yes,4 minutes ago
81,103.75.34.121,61577.0,IN,India,elite proxy,no,yes,4 minutes ago
82,63.82.52.254,8080.0,US,United States,anonymous,no,no,4 minutes ago
83,88.99.10.252,1080.0,DE,Germany,elite proxy,no,yes,4 minutes ago
84,148.251.153.6,1080.0,DE,Germany,elite proxy,no,yes,4 minutes ago
85,88.99.10.248,1080.0,DE,Germany,elite proxy,no,yes,4 minutes ago
86,144.76.214.159,1080.0,DE,Germany,elite proxy,no,yes,4 minutes ago
87,157.245.172.8,3128.0,US,United States,anonymous,no,no,4 minutes ago
88,77.64.136.237,8080.0,DE,Germany,anonymous,no,yes,4 minutes ago
89,144.76.214.157,1080.0,DE,Germany,elite proxy,no,yes,4 minutes ago
90,188.166.83.13,3128.0,NL,Netherlands,anonymous,no,no,4 minutes ago
91,51.158.68.133,8811.0,FR,France,anonymous,no,yes,4 minutes ago
92,88.99.10.253,1080.0,DE,Germany,elite proxy,no,yes,4 minutes ago
93,80.48.119.28,8080.0,PL,Poland,elite proxy,no,no,4 minutes ago
94,162.243.108.161,3128.0,US,United States,anonymous,no,no,4 minutes ago
95,186.210.253.130,8080.0,BR,Brazil,transparent,no,no,4 minutes ago
96,36.70.254.237,80.0,ID,Indonesia,transparent,no,no,4 minutes ago
97,138.68.165.154,3128.0,GB,United Kingdom,anonymous,no,no,4 minutes ago
98,186.232.192.70,8080.0,BR,Brazil,transparent,no,no,4 minutes ago
99,159.65.4.157,3128.0,SG,Singapore,transparent,no,no,4 minutes ago
100,101.51.162.28,8080.0,TH,Thailand,transparent,no,no,4 minutes ago
101,163.172.190.160,8811.0,FR,France,anonymous,no,yes,4 minutes ago
102,177.157.254.224,8080.0,BR,Brazil,transparent,no,no,4 minutes ago
103,87.97.165.63,8080.0,BG,Bulgaria,transparent,no,no,4 minutes ago
104,58.8.141.12,80.0,TH,Thailand,transparent,no,no,4 minutes ago
105,201.71.142.34,8080.0,BR,Brazil,transparent,no,no,4 minutes ago
106,139.59.169.246,3128.0,GB,United Kingdom,anonymous,no,no,4 minutes ago
107,177.157.223.53,8080.0,BR,Brazil,transparent,no,no,4 minutes ago
108,138.68.161.14,3128.0,GB,United Kingdom,anonymous,no,no,4 minutes ago
109,93.125.22.31,3128.0,BY,Belarus,elite proxy,no,yes,4 minutes ago
110,109.111.155.100,53281.0,RU,Russian Federation,transparent,no,no,4 minutes ago
111,144.217.101.242,3129.0,CA,Canada,elite proxy,no,yes,4 minutes ago
112,176.9.119.170,8080.0,DE,Germany,anonymous,no,no,4 minutes ago
113,144.217.163.138,8080.0,CA,Canada,anonymous,no,no,4 minutes ago
114,191.252.219.154,8080.0,BR,Brazil,transparent,no,no,4 minutes ago
115,114.7.147.65,8080.0,ID,Indonesia,transparent,no,no,7 minutes ago
116,102.68.134.133,6666.0,LY,Libya,transparent,no,no,7 minutes ago
117,174.127.155.118,32505.0,US,United States,elite proxy,no,no,10 minutes ago
118,117.196.237.217,55016.0,IN,India,elite proxy,no,no,10 minutes ago
119,118.174.220.32,51399.0,TH,Thailand,elite proxy,no,no,10 minutes ago
120,1.20.103.248,52574.0,TH,Thailand,elite proxy,no,no,10 minutes ago
121,45.231.212.56,59688.0,BR,Brazil,elite proxy,no,no,10 minutes ago
122,49.128.178.22,59378.0,ID,Indonesia,elite proxy,no,no,10 minutes ago
123,36.76.21.187,8080.0,ID,Indonesia,elite proxy,no,no,10 minutes ago
124,85.10.219.102,1080.0,DE,Germany,elite proxy,no,no,10 minutes ago
125,77.94.123.91,37765.0,RU,Russian Federation,elite proxy,no,no,10 minutes ago
126,200.108.183.2,8080.0,BR,Brazil,elite proxy,no,no,10 minutes ago
127,103.101.253.250,40796.0,BD,Bangladesh,elite proxy,no,no,11 minutes ago
128,5.252.161.48,8080.0,GB,United Kingdom,anonymous,no,no,11 minutes ago
129,125.25.45.167,43009.0,TH,Thailand,elite proxy,no,yes,11 minutes ago
130,167.86.89.60,3128.0,DE,Germany,anonymous,no,yes,11 minutes ago
131,37.111.42.210,8080.0,MM,Myanmar,elite proxy,no,no,11 minutes ago
132,202.166.207.58,34260.0,NP,Nepal,elite proxy,no,yes,11 minutes ago
133,201.234.185.147,37743.0,CO,Colombia,elite proxy,no,yes,11 minutes ago
134,45.33.90.184,8080.0,US,United States,elite proxy,no,yes,11 minutes ago
135,180.232.77.107,51480.0,PH,Philippines,elite proxy,no,yes,11 minutes ago
136,212.220.216.70,8080.0,RU,Russian Federation,anonymous,no,no,11 minutes ago
137,220.143.174.243,80.0,TW,Taiwan,anonymous,no,no,11 minutes ago
138,78.39.125.68,8080.0,IR,Iran,anonymous,no,no,11 minutes ago
139,85.52.217.114,60301.0,ES,Spain,elite proxy,no,yes,11 minutes ago
140,176.98.95.105,61360.0,UA,Ukraine,elite proxy,no,yes,11 minutes ago
141,212.57.43.16,36044.0,RS,Serbia,elite proxy,no,yes,11 minutes ago
142,91.203.36.102,55130.0,RU,Russian Federation,elite proxy,no,yes,11 minutes ago
143,178.72.74.40,46000.0,RU,Russian Federation,elite proxy,no,yes,11 minutes ago
144,5.23.103.98,42328.0,RU,Russian Federation,elite proxy,no,no,11 minutes ago
145,102.164.203.55,51896.0,ZA,South Africa,elite proxy,no,yes,11 minutes ago
146,41.217.219.49,54302.0,MW,Malawi,elite proxy,no,yes,11 minutes ago
147,110.232.74.233,55609.0,ID,Indonesia,elite proxy,no,yes,11 minutes ago
148,181.118.167.104,80.0,CL,Chile,elite proxy,no,yes,11 minutes ago
149,79.143.225.152,60517.0,RU,Russian Federation,elite proxy,no,yes,11 minutes ago
150,171.97.170.230,8213.0,TH,Thailand,anonymous,no,no,11 minutes ago
151,118.172.201.105,50782.0,TH,Thailand,elite proxy,no,yes,11 minutes ago
152,36.67.66.202,55638.0,ID,Indonesia,elite proxy,no,yes,11 minutes ago
153,95.181.37.114,42536.0,RU,Russian Federation,anonymous,no,yes,13 minutes ago
154,103.83.116.67,55443.0,ID,Indonesia,anonymous,no,yes,13 minutes ago
155,190.111.231.8,8080.0,AR,Argentina,elite proxy,no,yes,13 minutes ago
156,118.99.118.86,23500.0,ID,Indonesia,anonymous,no,yes,13 minutes ago
157,51.158.180.150,8811.0,FR,France,anonymous,no,yes,13 minutes ago
158,203.30.236.148,56802.0,ID,Indonesia,anonymous,no,yes,13 minutes ago
159,77.60.240.31,8080.0,NL,Netherlands,elite proxy,no,yes,13 minutes ago
160,201.182.153.239,53281.0,BR,Brazil,anonymous,no,yes,13 minutes ago
161,125.26.99.186,53586.0,TH,Thailand,anonymous,no,yes,13 minutes ago
162,187.86.137.141,58628.0,BR,Brazil,anonymous,no,yes,13 minutes ago
163,103.239.254.114,52450.0,BD,Bangladesh,elite proxy,no,yes,13 minutes ago
164,164.163.1.30,38389.0,BR,Brazil,elite proxy,no,yes,13 minutes ago
165,201.184.151.58,45718.0,CO,Colombia,anonymous,no,yes,13 minutes ago
166,5.238.171.242,8080.0,IR,Iran,elite proxy,no,yes,13 minutes ago
167,101.109.143.71,36127.0,TH,Thailand,elite proxy,no,no,13 minutes ago
168,182.53.197.156,33194.0,TH,Thailand,elite proxy,no,no,13 minutes ago
169,113.53.255.222,8080.0,TH,Thailand,elite proxy,no,no,13 minutes ago
170,119.2.54.204,44860.0,ID,Indonesia,elite proxy,no,no,13 minutes ago
171,103.248.119.110,36451.0,IN,India,elite proxy,no,no,13 minutes ago
172,103.116.118.133,52156.0,BD,Bangladesh,elite proxy,no,no,13 minutes ago
173,187.111.160.29,40098.0,BR,Brazil,elite proxy,no,no,13 minutes ago
174,195.34.238.248,21213.0,RU,Russian Federation,elite proxy,no,no,13 minutes ago
175,118.172.51.110,36552.0,TH,Thailand,elite proxy,no,no,13 minutes ago
176,85.10.219.99,1080.0,DE,Germany,elite proxy,no,no,13 minutes ago
177,117.103.5.186,44825.0,ID,Indonesia,elite proxy,no,no,13 minutes ago
178,103.107.92.193,35173.0,IN,India,elite proxy,no,no,13 minutes ago
179,92.51.29.1,8080.0,RU,Russian Federation,transparent,no,no,14 minutes ago
180,36.83.18.61,3128.0,ID,Indonesia,transparent,no,no,14 minutes ago
181,117.222.160.188,8080.0,IN,India,transparent,no,no,14 minutes ago
182,191.97.43.251,23500.0,AR,Argentina,transparent,no,no,14 minutes ago
183,197.59.198.191,8080.0,EG,Egypt,transparent,no,no,14 minutes ago
184,125.163.129.91,8080.0,ID,Indonesia,transparent,no,no,14 minutes ago
185,152.204.130.62,8080.0,CO,Colombia,transparent,no,no,14 minutes ago
186,202.9.123.236,53281.0,IN,India,transparent,no,no,14 minutes ago
187,85.198.185.26,8080.0,UA,Ukraine,transparent,no,no,14 minutes ago
188,42.115.78.131,8080.0,KH,Cambodia,transparent,no,no,14 minutes ago
189,103.119.167.35,8080.0,IN,India,transparent,no,no,14 minutes ago
190,92.38.45.68,44364.0,CZ,Czech Republic,transparent,no,no,14 minutes ago
191,125.161.37.1,8080.0,ID,Indonesia,transparent,no,no,14 minutes ago
192,134.236.247.106,36398.0,TH,Thailand,elite proxy,no,yes,20 minutes ago
193,46.175.185.239,32314.0,UA,Ukraine,elite proxy,no,yes,20 minutes ago
194,185.138.123.78,40698.0,IQ,Iraq,elite proxy,no,yes,20 minutes ago
195,180.183.28.59,3128.0,TH,Thailand,elite proxy,no,yes,20 minutes ago
196,103.242.44.80,8080.0,MN,Mongolia,elite proxy,no,yes,20 minutes ago
197,103.216.95.16,61755.0,IN,India,elite proxy,no,yes,20 minutes ago
198,117.206.151.204,51307.0,IN,India,elite proxy,no,yes,20 minutes ago
199,112.78.187.187,50359.0,ID,Indonesia,elite proxy,no,yes,20 minutes ago
200,82.200.233.4,3128.0,KZ,Kazakhstan,elite proxy,no,yes,20 minutes ago
201,91.235.51.252,53281.0,ES,Spain,elite proxy,no,yes,20 minutes ago
202,140.227.173.230,1000.0,JP,Japan,elite proxy,no,yes,20 minutes ago
203,117.196.232.131,45234.0,IN,India,elite proxy,no,no,21 minutes ago
204,128.199.245.98,44344.0,SG,Singapore,elite proxy,no,yes,21 minutes ago
205,91.211.107.204,41258.0,RU,Russian Federation,elite proxy,no,no,21 minutes ago
206,180.252.181.2,80.0,ID,Indonesia,elite proxy,no,no,21 minutes ago
207,134.209.91.59,3128.0,NL,Netherlands,elite proxy,no,no,21 minutes ago
208,103.250.156.22,30093.0,IN,India,elite proxy,no,no,21 minutes ago
209,200.29.109.112,44749.0,CO,Colombia,elite proxy,no,no,21 minutes ago
210,159.138.21.170,80.0,HK,Hong Kong,anonymous,no,no,21 minutes ago
211,79.134.7.134,53044.0,RU,Russian Federation,elite proxy,no,yes,21 minutes ago
212,128.199.238.162,44344.0,SG,Singapore,elite proxy,no,yes,21 minutes ago
213,163.172.146.119,8811.0,FR,France,anonymous,no,yes,21 minutes ago
214,103.212.93.254,44615.0,IN,India,elite proxy,no,no,21 minutes ago
215,14.98.113.169,46616.0,IN,India,elite proxy,no,no,21 minutes ago
216,119.82.253.24,44060.0,KH,Cambodia,elite proxy,no,no,21 minutes ago
217,83.174.203.222,43399.0,RU,Russian Federation,elite proxy,no,no,21 minutes ago
218,182.52.51.43,49699.0,TH,Thailand,elite proxy,no,no,21 minutes ago
219,175.100.5.52,58588.0,KH,Cambodia,elite proxy,no,no,21 minutes ago
220,177.66.183.57,38626.0,BR,Brazil,elite proxy,no,yes,21 minutes ago
221,46.151.108.6,30874.0,RU,Russian Federation,elite proxy,no,no,21 minutes ago
222,176.103.40.198,41439.0,PL,Poland,elite proxy,no,no,21 minutes ago
223,139.5.29.51,58033.0,IN,India,elite proxy,no,no,21 minutes ago
224,203.202.245.58,80.0,BD,Bangladesh,anonymous,no,no,21 minutes ago
225,82.119.170.106,8080.0,DE,Germany,elite proxy,no,yes,21 minutes ago
226,94.21.118.140,61379.0,HU,Hungary,elite proxy,no,no,21 minutes ago
227,203.202.245.62,80.0,BD,Bangladesh,anonymous,no,no,21 minutes ago
228,51.158.180.179,8811.0,FR,France,anonymous,no,yes,21 minutes ago
229,103.212.92.253,32020.0,IN,India,elite proxy,no,no,21 minutes ago
230,51.38.71.101,8080.0,GB,United Kingdom,elite proxy,no,no,21 minutes ago
231,51.158.165.18,8811.0,FR,France,anonymous,no,yes,21 minutes ago
232,202.154.180.53,55877.0,ID,Indonesia,elite proxy,no,yes,21 minutes ago
233,46.149.80.207,52388.0,UA,Ukraine,elite proxy,no,no,21 minutes ago
234,128.199.193.37,44344.0,SG,Singapore,elite proxy,no,yes,21 minutes ago
235,60.251.33.224,80.0,TW,Taiwan,anonymous,no,no,21 minutes ago
236,128.199.203.84,44344.0,SG,Singapore,elite proxy,no,yes,21 minutes ago
237,91.202.240.208,51678.0,UA,Ukraine,elite proxy,no,no,21 minutes ago
238,109.74.142.138,53281.0,RU,Russian Federation,elite proxy,no,no,21 minutes ago
239,128.199.244.141,44344.0,SG,Singapore,elite proxy,no,yes,21 minutes ago
240,117.212.89.152,60285.0,IN,India,elite proxy,no,no,21 minutes ago
241,94.228.82.170,59280.0,SK,Slovakia,elite proxy,no,no,21 minutes ago
242,128.199.203.193,44344.0,SG,Singapore,elite proxy,no,yes,21 minutes ago
243,191.232.233.45,3128.0,BR,Brazil,anonymous,no,no,21 minutes ago
244,151.253.165.70,8080.0,AE,United Arab Emirates,elite proxy,no,yes,21 minutes ago
245,51.158.186.242,8811.0,FR,France,anonymous,no,yes,21 minutes ago
246,51.158.172.165,8811.0,FR,France,anonymous,no,yes,21 minutes ago
247,163.53.209.7,6666.0,IN,India,elite proxy,no,no,21 minutes ago
248,159.138.20.247,443.0,HK,Hong Kong,anonymous,no,no,21 minutes ago
249,116.90.229.186,46674.0,NP,Nepal,elite proxy,no,no,21 minutes ago
250,128.199.245.99,44344.0,SG,Singapore,elite proxy,no,yes,21 minutes ago
251,128.199.204.83,44344.0,SG,Singapore,elite proxy,no,yes,21 minutes ago
252,180.252.181.3,80.0,ID,Indonesia,elite proxy,no,no,21 minutes ago
253,200.195.173.68,80.0,BR,Brazil,anonymous,no,yes,21 minutes ago
254,128.199.200.236,44344.0,SG,Singapore,elite proxy,no,yes,21 minutes ago
255,192.140.42.83,50108.0,BR,Brazil,elite proxy,no,no,21 minutes ago
256,51.158.123.250,8811.0,FR,France,anonymous,no,yes,21 minutes ago
257,103.87.16.2,80.0,ID,Indonesia,anonymous,no,no,21 minutes ago
258,1.20.103.196,42792.0,TH,Thailand,elite proxy,no,no,21 minutes ago
259,192.140.42.81,52818.0,BR,Brazil,elite proxy,no,no,21 minutes ago
260,128.199.244.47,44344.0,SG,Singapore,elite proxy,no,yes,21 minutes ago
261,103.77.60.22,55443.0,BD,Bangladesh,elite proxy,no,no,21 minutes ago
262,128.199.251.160,44344.0,SG,Singapore,elite proxy,no,yes,21 minutes ago
263,103.240.206.196,35101.0,IN,India,elite proxy,no,no,21 minutes ago
264,185.99.64.75,61503.0,CZ,Czech Republic,elite proxy,no,no,21 minutes ago
265,163.172.189.32,8811.0,FR,France,anonymous,no,yes,21 minutes ago
266,103.96.235.81,23500.0,BD,Bangladesh,transparent,no,no,21 minutes ago
267,171.97.61.41,8888.0,TH,Thailand,transparent,no,no,22 minutes ago
268,134.35.16.10,8080.0,YE,Yemen,transparent,no,no,25 minutes ago
269,101.108.52.194,8080.0,TH,Thailand,transparent,no,no,25 minutes ago
270,202.218.192.33,80.0,JP,Japan,transparent,no,no,29 minutes ago
271,95.65.73.200,50709.0,MD,"Moldova, Republic of",elite proxy,no,yes,31 minutes ago
272,177.67.203.130,32474.0,BR,Brazil,elite proxy,no,no,31 minutes ago
273,95.65.27.171,33224.0,MD,"Moldova, Republic of",elite proxy,no,yes,31 minutes ago
274,179.127.243.6,31567.0,BR,Brazil,elite proxy,no,yes,31 minutes ago
275,5.22.154.50,56154.0,SK,Slovakia,elite proxy,no,yes,31 minutes ago
276,36.37.183.214,45719.0,KH,Cambodia,elite proxy,no,yes,31 minutes ago
277,169.57.157.146,80.0,BR,Brazil,elite proxy,no,no,31 minutes ago
278,191.98.184.124,42221.0,PE,Peru,elite proxy,no,yes,31 minutes ago
279,128.199.150.150,47503.0,SG,Singapore,elite proxy,no,yes,31 minutes ago
280,161.202.226.195,80.0,JP,Japan,elite proxy,no,no,31 minutes ago
281,207.154.231.212,8080.0,DE,Germany,anonymous,no,no,31 minutes ago
282,143.255.40.106,53706.0,MX,Mexico,elite proxy,no,yes,31 minutes ago
283,109.167.113.9,59606.0,ES,Spain,elite proxy,no,no,31 minutes ago
284,180.183.126.170,8213.0,TH,Thailand,anonymous,no,yes,31 minutes ago
285,47.52.255.67,80.0,HK,Hong Kong,anonymous,no,no,31 minutes ago
286,36.67.253.135,30475.0,ID,Indonesia,elite proxy,no,no,31 minutes ago
287,92.249.122.108,61778.0,UA,Ukraine,elite proxy,no,no,31 minutes ago
288,14.162.145.116,59493.0,VN,Vietnam,elite proxy,no,no,31 minutes ago
289,50.226.151.5,80.0,US,United States,anonymous,no,no,31 minutes ago
290,110.5.100.130,54300.0,ID,Indonesia,elite proxy,no,yes,31 minutes ago
291,49.248.154.235,80.0,IN,India,anonymous,no,no,31 minutes ago
292,210.173.226.50,80.0,JP,Japan,anonymous,no,no,31 minutes ago
293,45.115.176.112,59367.0,IN,India,elite proxy,no,no,31 minutes ago
294,78.158.191.196,50888.0,IR,Iran,anonymous,no,yes,32 minutes ago
295,46.235.53.26,3128.0,RU,Russian Federation,anonymous,no,yes,32 minutes ago
296,46.102.73.244,53281.0,RO,Romania,anonymous,no,yes,32 minutes ago
297,181.196.145.106,50899.0,EC,Ecuador,anonymous,no,yes,32 minutes ago
298,109.232.106.236,35423.0,RU,Russian Federation,anonymous,no,yes,32 minutes ago
299,41.217.219.53,31398.0,MW,Malawi,anonymous,no,yes,32 minutes ago
300,,,,,,,,
